{
	"E": {
		"Real": [
			-5.03207,
			0.0,
			0.0
		],
		"Img": [
			0.0,
			0.0,
			0.0
		]
	},
	"N": {
		"Real": [
			-5.03207,
			0.0,
			0.0
		],
		"Img": [
			0.0,
			0.0,
			0.0
		]
	},
	"Z": {
		"Real": [
			-5.03207,
			0.0,
			0.0
		],
		"Img": [
			0.0,
			0.0,
			0.0
		]
	}
}
