{
    "E": 1.480000E03,
    "N": 1.484000E03,
    "Z": 1.472000E03
}