{
    "E": 1.512000E03,
    "N": 1.508000E03,
    "Z": 1.498000E03
}