{
    "E": 1.525000E03,
    "N": 1.520000E03,
    "Z": 1.583000E03
}