{
    "E": 1.509000E03,
    "N": 1.500000E03,
    "Z": 1.501000E03
}