{
	"E": {
		"Real": [
			-0.00707,
			-0.00707,
            -180.0,
            -160.0,
            -80.0
		],
		"Img": [
			-0.00707,
			0.00707,
            0.0,
            0.0,
            0.0
		]
	},
	"N": {
		"Real": [
			-0.00707,
			-0.00707,
            -180.0,
            -160.0,
            -80.0
		],
		"Img": [
			-0.00707,
			0.00707,
            0.0,
            0.0,
            0.0
		]
	},
	"Z": {
		"Real": [
			-0.00707,
			-0.00707,
            -180.0,
            -160.0,
            -80.0
		],
		"Img": [
			-0.00707,
			0.00707,
            0.0,
            0.0,
            0.0
		]
	}
}