{
    "E": 1.502000E03,
    "N": 1.508000E03,
    "Z": 1.498000E03
}