{
    "E": 1.496000E03,
    "N": 1.502000E03,
    "Z": 1.496000E03
}