{
    "E": 1.482000E03,
    "N": 1.484000E03,
    "Z": 1.478000E03
}