{
    "E": 1.545000E03,
    "N": 1.517000E03,
    "Z": 1.505000E03
}