{
    "E": 1.527000E03,
    "N": 1.523000E03,
    "Z": 1.503000E03
}