{
    "E": 1.489000E03,
    "N": 1.511000E03,
    "Z": 1.512000E03
}