{
    "E": 1.494000E03,
    "N": 1.488000E03,
    "Z": 1.478000E03
}