{
    "E": 1.518000E03,
    "N": 1.512000E03,
    "Z": 1.502000E03
}