{
	"E": {
		"Real": [
			-0.00707,
			-0.00707,
            -80.5,
            -80.5
		],
		"Img": [
			-0.00707,
			0.00707,
            30.8,
            -30.8
		]
	},
	"N": {
		"Real": [
			-0.00707,
			-0.00707,
            -80.5,
            -80.5
		],
		"Img": [
			-0.00707,
			0.00707,
            30.8,
            -30.8
		]
	},
	"Z": {
		"Real": [
			-0.00707,
			-0.00707,
            -80.5,
            -80.5
		],
		"Img": [
			-0.00707,
			0.00707,
            30.8,
            -30.8
		]
	}
}