{
    "E": 1.520000E03,
    "N": 1.514000E03,
    "Z": 1.507000E03
}