{
    "E": 1.482000E03,
    "N": 1.482000E03,
    "Z": 1.482000E03
}