{
	"E": {
		"Real": [
			-3.487168E-01,
			-3.487168E-01,
			-3.612832E-01
			
		],
		"Img": [
			3.691371E-01,
			-3.691371E-01,
			0.0
		]
	},
	"N": {
		"Real": [
			-3.487168E-01,
			-3.487168E-01,
			-3.612832E-01
			
		],
		"Img": [
			3.691371E-01,
			-3.691371E-01,
			0.0
		]
	},
	"Z": {
		"Real": [
			-3.487168E-01,
			-3.487168E-01,
			-3.612832E-01
			
		],
		"Img": [
			3.691371E-01,
			-3.691371E-01,
			0.0
		]
	}
}
