{
    "E": 1.498000E03,
    "N": 1.502000E03,
    "Z": 1.488000E03
}