{
    "E": 1.511000E03,
    "N": 1.510000E03,
    "Z": 1.507000E03
}