{
    "E": 2.796465e+03,
    "N": 2.796465e+03,
    "Z": 2.796465e+03
}
