{
	"E": {
		"Real": [
			-1.75547902E-02,
			-1.75547902E-02,
			-1.37350716E+01,
			-3.83563413E+01,
			-3.83563413E+01,
			-8.51478946e+01,
			-8.51478946e+01
		],
		"Img": [
			1.76661987E-02,
			-1.76661987E-02,			
			0.00000000e+00,
			2.83295799e+01,
			-2.83295799e+01,
			1.14432404e+02,
			1.14432404e+02
		]
	},
	"N": {
		"Real": [
			-1.75547902E-02,
			-1.75547902E-02,
			-1.37350716E+01,
			-3.83563413E+01,
			-3.83563413E+01,
			-8.51478946e+01,
			-8.51478946e+01
		],
		"Img": [
			1.76661987E-02,
			-1.76661987E-02,			
			0.00000000e+00,
			2.83295799e+01,
			-2.83295799e+01,
			1.14432404e+02,
			1.14432404e+02
		]
	},
	"Z": {
		"Real": [
			-1.75547902E-02,
			-1.75547902E-02,
			-1.37350716E+01,
			-3.83563413E+01,
			-3.83563413E+01,
			-8.51478946e+01,
			-8.51478946e+01
		],
		"Img": [
			1.76661987E-02,
			-1.76661987E-02,			
			0.00000000e+00,
			2.83295799e+01,
			-2.83295799e+01,
			1.14432404e+02,
			1.14432404e+02
		]
	}
}
