{
	"E": {
		"Real": [
			0.0,
			0.0,
			-1.094986e+01,
			-5.140705e+01,
			-4.026620e+02
		],
		"Img": [
			0.0,
			0.0,
			0.0,
			0.0,
			0.0
		]
	},
	"N": {
		"Real": [
			0.0,
			0.0,
			-1.094986e+01,
			-5.140705e+01,
			-4.026620e+02
		],
		"Img": [
			0.0,
			0.0,
			0.0,
			0.0,
			0.0
		]
	},
	"Z": {
		"Real": [
			0.0,
			0.0,
			-1.094986e+01,
			-5.140705e+01,
			-4.026620e+02
		],
		"Img": [
			0.0,
			0.0,
			0.0,
			0.0,
			0.0
		]
	}
}
