{
	"E": {
		"Real": [
			-3.533240e-02,
			-3.533240e-02,
			-3.660564e-02
			
		],
		"Img": [
			3.740141e-02,
			-3.740141e-02,
			0.0
		]
	},
	"N": {
		"Real": [
			-3.533240e-02,
			-3.533240e-02,
			-3.660564e-02
			
		],
		"Img": [
			3.740141e-02,
			-3.740141e-02,
			0.0
		]
	},
	"Z": {
		"Real": [
			-3.533240e-02,
			-3.533240e-02,
			-3.660564e-02
			
		],
		"Img": [
			3.740141e-02,
			-3.740141e-02,
			0.0
		]
	}
}
