{
    "E": 1.492000E03,
    "N": 1.488000E03,
    "Z": 1.482000E03
}