{
    "E": 1.518000E03,
    "N": 1.527000E03,
    "Z": 1.501000E03
}