{
    "E": 1.506000E03,
    "N": 1.504000E03,
    "Z": 1.498000E03
}
