{
    "E": 1.501000E03,
    "N": 1.516000E03,
    "Z": 1.501000E03
}