{
    "E": 1.484000E03,
    "N": 1.496000E03,
    "Z": 1.486000E03
}