{
    "E": 1.504000E03,
    "N": 1.508000E03,
    "Z": 1.496000E03
}